[{"model": "admin.logentry", "pk": 1, "fields": {"action_time": "2020-08-31T16:59:09.702Z", "user": 1, "content_type": 12, "object_id": "1", "object_repr": "Produk Kreatif Kewirausahaan", "action_flag": 1, "change_message": "[{\"added\": {}}]"}}, {"model": "admin.logentry", "pk": 2, "fields": {"action_time": "2020-08-31T17:01:14.573Z", "user": 1, "content_type": 12, "object_id": "2", "object_repr": "Pemrograman Web dan Perangkat Bergerak", "action_flag": 1, "change_message": "[{\"added\": {}}]"}}, {"model": "admin.logentry", "pk": 3, "fields": {"action_time": "2020-08-31T17:01:26.868Z", "user": 1, "content_type": 12, "object_id": "3", "object_repr": "Bahasa Indonesia", "action_flag": 1, "change_message": "[{\"added\": {}}]"}}, {"model": "admin.logentry", "pk": 4, "fields": {"action_time": "2020-08-31T17:01:41.933Z", "user": 1, "content_type": 12, "object_id": "4", "object_repr": "Pendidikan Kewarganegaraan", "action_flag": 1, "change_message": "[{\"added\": {}}]"}}, {"model": "admin.logentry", "pk": 5, "fields": {"action_time": "2020-08-31T17:01:52.261Z", "user": 1, "content_type": 12, "object_id": "5", "object_repr": "Bimbingan Konseling", "action_flag": 1, "change_message": "[{\"added\": {}}]"}}, {"model": "admin.logentry", "pk": 6, "fields": {"action_time": "2020-08-31T17:02:06.077Z", "user": 1, "content_type": 12, "object_id": "6", "object_repr": "Matematika", "action_flag": 1, "change_message": "[{\"added\": {}}]"}}, {"model": "admin.logentry", "pk": 7, "fields": {"action_time": "2020-08-31T17:02:17.456Z", "user": 1, "content_type": 12, "object_id": "7", "object_repr": "Pemrograman Berorientasi Objek", "action_flag": 1, "change_message": "[{\"added\": {}}]"}}, {"model": "admin.logentry", "pk": 8, "fields": {"action_time": "2020-08-31T17:02:31.758Z", "user": 1, "content_type": 12, "object_id": "8", "object_repr": "Bahasa Inggris", "action_flag": 1, "change_message": "[{\"added\": {}}]"}}, {"model": "admin.logentry", "pk": 9, "fields": {"action_time": "2020-08-31T17:02:43.389Z", "user": 1, "content_type": 12, "object_id": "9", "object_repr": "Basis Data", "action_flag": 1, "change_message": "[{\"added\": {}}]"}}, {"model": "admin.logentry", "pk": 10, "fields": {"action_time": "2020-08-31T17:02:56.933Z", "user": 1, "content_type": 12, "object_id": "10", "object_repr": "Pendidikan Agama dan Budi Pekerti", "action_flag": 1, "change_message": "[{\"added\": {}}]"}}, {"model": "admin.logentry", "pk": 11, "fields": {"action_time": "2020-08-31T17:03:06.593Z", "user": 1, "content_type": 12, "object_id": "11", "object_repr": "Bahasa Jepang", "action_flag": 1, "change_message": "[{\"added\": {}}]"}}, {"model": "admin.logentry", "pk": 12, "fields": {"action_time": "2020-08-31T17:03:17.317Z", "user": 1, "content_type": 12, "object_id": "12", "object_repr": "Produk Kreatif Kewirausahaan WS", "action_flag": 1, "change_message": "[{\"added\": {}}]"}}, {"model": "admin.logentry", "pk": 13, "fields": {"action_time": "2020-08-31T17:03:32.822Z", "user": 1, "content_type": 12, "object_id": "1", "object_repr": "Produk Kreatif Kewirausahaan NA", "action_flag": 2, "change_message": "[{\"changed\": {\"fields\": [\"Nama\"]}}]"}}, {"model": "admin.logentry", "pk": 14, "fields": {"action_time": "2020-08-31T17:03:43.286Z", "user": 1, "content_type": 9, "object_id": "1", "object_repr": "RPL", "action_flag": 1, "change_message": "[{\"added\": {}}]"}}, {"model": "admin.logentry", "pk": 15, "fields": {"action_time": "2020-08-31T17:03:47.206Z", "user": 1, "content_type": 9, "object_id": "2", "object_repr": "SIJA", "action_flag": 1, "change_message": "[{\"added\": {}}]"}}, {"model": "admin.logentry", "pk": 16, "fields": {"action_time": "2020-08-31T17:03:51.774Z", "user": 1, "content_type": 9, "object_id": "3", "object_repr": "EIND", "action_flag": 1, "change_message": "[{\"added\": {}}]"}}, {"model": "admin.logentry", "pk": 17, "fields": {"action_time": "2020-08-31T17:04:00.116Z", "user": 1, "content_type": 9, "object_id": "4", "object_repr": "MEKA", "action_flag": 1, "change_message": "[{\"added\": {}}]"}}, {"model": "admin.logentry", "pk": 18, "fields": {"action_time": "2020-08-31T17:04:23.696Z", "user": 1, "content_type": 9, "object_id": "5", "object_repr": "TPTU", "action_flag": 1, "change_message": "[{\"added\": {}}]"}}, {"model": "admin.logentry", "pk": 19, "fields": {"action_time": "2020-08-31T17:04:52.360Z", "user": 1, "content_type": 9, "object_id": "6", "object_repr": "IOP", "action_flag": 1, "change_message": "[{\"added\": {}}]"}}, {"model": "admin.logentry", "pk": 20, "fields": {"action_time": "2020-08-31T17:06:57.656Z", "user": 1, "content_type": 9, "object_id": "7", "object_repr": "TEDK", "action_flag": 1, "change_message": "[{\"added\": {}}]"}}, {"model": "admin.logentry", "pk": 21, "fields": {"action_time": "2020-08-31T17:07:26.053Z", "user": 1, "content_type": 9, "object_id": "8", "object_repr": "PFPT", "action_flag": 1, "change_message": "[{\"added\": {}}]"}}, {"model": "admin.logentry", "pk": 22, "fields": {"action_time": "2020-08-31T17:07:35.815Z", "user": 1, "content_type": 9, "object_id": "9", "object_repr": "TOI", "action_flag": 1, "change_message": "[{\"added\": {}}]"}}, {"model": "admin.logentry", "pk": 23, "fields": {"action_time": "2020-08-31T17:07:45.241Z", "user": 1, "content_type": 9, "object_id": "6", "object_repr": "IOP", "action_flag": 2, "change_message": "[{\"changed\": {\"fields\": [\"Nama\"]}}]"}}, {"model": "admin.logentry", "pk": 24, "fields": {"action_time": "2020-08-31T17:09:27.345Z", "user": 1, "content_type": 10, "object_id": "1", "object_repr": "12 RPL A", "action_flag": 1, "change_message": "[{\"added\": {}}]"}}, {"model": "admin.logentry", "pk": 25, "fields": {"action_time": "2020-08-31T17:13:04.405Z", "user": 1, "content_type": 6, "object_id": "2", "object_repr": "Hariz", "action_flag": 3, "change_message": ""}}, {"model": "admin.logentry", "pk": 26, "fields": {"action_time": "2020-08-31T17:23:55.523Z", "user": 1, "content_type": 7, "object_id": "1", "object_repr": "Hariz Sufyan Munawar", "action_flag": 2, "change_message": "[{\"changed\": {\"fields\": [\"Nisn\"]}}]"}}, {"model": "admin.logentry", "pk": 27, "fields": {"action_time": "2020-08-31T17:28:49.972Z", "user": 1, "content_type": 10, "object_id": "1", "object_repr": "12 RPL A", "action_flag": 2, "change_message": "[{\"changed\": {\"fields\": [\"Walikelas\"]}}]"}}, {"model": "admin.logentry", "pk": 28, "fields": {"action_time": "2020-09-01T04:45:07.878Z", "user": 1, "content_type": 8, "object_id": "1", "object_repr": "Yuli Pamungkas", "action_flag": 2, "change_message": "[]"}}, {"model": "admin.logentry", "pk": 29, "fields": {"action_time": "2020-09-01T05:19:46.194Z", "user": 1, "content_type": 6, "object_id": "3", "object_repr": "Hariz", "action_flag": 2, "change_message": "[{\"changed\": {\"fields\": [\"Nomor Induk\"]}}]"}}, {"model": "admin.logentry", "pk": 30, "fields": {"action_time": "2020-09-01T05:51:08.529Z", "user": 1, "content_type": 7, "object_id": "2", "object_repr": "Ganiya Mustafa", "action_flag": 2, "change_message": "[{\"changed\": {\"fields\": [\"Nis\", \"Nama\", \"Kelas\"]}}]"}}, {"model": "admin.logentry", "pk": 31, "fields": {"action_time": "2020-09-01T05:52:58.162Z", "user": 1, "content_type": 6, "object_id": "6", "object_repr": "", "action_flag": 1, "change_message": "[{\"added\": {}}]"}}, {"model": "admin.logentry", "pk": 32, "fields": {"action_time": "2020-09-01T05:53:19.376Z", "user": 1, "content_type": 6, "object_id": "6", "object_repr": "", "action_flag": 3, "change_message": ""}}, {"model": "admin.logentry", "pk": 33, "fields": {"action_time": "2020-09-01T05:56:06.885Z", "user": 1, "content_type": 7, "object_id": "4", "object_repr": "Adam Albani", "action_flag": 2, "change_message": "[{\"changed\": {\"fields\": [\"Nis\", \"Nama\", \"Kelas\"]}}]"}}, {"model": "admin.logentry", "pk": 34, "fields": {"action_time": "2020-09-01T05:57:06.516Z", "user": 1, "content_type": 6, "object_id": "7", "object_repr": "Adam", "action_flag": 3, "change_message": ""}}, {"model": "admin.logentry", "pk": 35, "fields": {"action_time": "2020-09-01T05:57:10.907Z", "user": 1, "content_type": 6, "object_id": "5", "object_repr": "Gani", "action_flag": 3, "change_message": ""}}, {"model": "admin.logentry", "pk": 36, "fields": {"action_time": "2020-09-01T05:58:18.287Z", "user": 1, "content_type": 11, "object_id": "1", "object_repr": "Forum Dienul Islam", "action_flag": 1, "change_message": "[{\"added\": {}}]"}}, {"model": "admin.logentry", "pk": 37, "fields": {"action_time": "2020-09-01T05:58:51.243Z", "user": 1, "content_type": 11, "object_id": "2", "object_repr": "Orang Tak Berekskul", "action_flag": 1, "change_message": "[{\"added\": {}}]"}}, {"model": "admin.logentry", "pk": 38, "fields": {"action_time": "2020-09-01T05:58:58.549Z", "user": 1, "content_type": 14, "object_id": "1", "object_repr": "Hariz Sufyan Munawar Orang Tak Berekskul", "action_flag": 1, "change_message": "[{\"added\": {}}]"}}, {"model": "admin.logentry", "pk": 39, "fields": {"action_time": "2020-09-01T05:59:15.120Z", "user": 1, "content_type": 13, "object_id": "1", "object_repr": "Hariz Sufyan Munawar Produk Kreatif Kewirausahaan NA", "action_flag": 1, "change_message": "[{\"added\": {}}]"}}, {"model": "admin.logentry", "pk": 40, "fields": {"action_time": "2020-09-01T06:04:23.317Z", "user": 1, "content_type": 6, "object_id": "8", "object_repr": "", "action_flag": 3, "change_message": ""}}, {"model": "admin.logentry", "pk": 41, "fields": {"action_time": "2020-09-01T06:08:46.569Z", "user": 1, "content_type": 6, "object_id": "9", "object_repr": "123123412", "action_flag": 3, "change_message": ""}}, {"model": "admin.logentry", "pk": 42, "fields": {"action_time": "2020-09-01T16:14:53.132Z", "user": 1, "content_type": 13, "object_id": "2", "object_repr": "Hariz Sufyan Munawar Bahasa Jepang", "action_flag": 1, "change_message": "[{\"added\": {}}]"}}, {"model": "admin.logentry", "pk": 43, "fields": {"action_time": "2020-09-01T16:15:03.251Z", "user": 1, "content_type": 13, "object_id": "3", "object_repr": "Ganiya Mustafa Bahasa Jepang", "action_flag": 1, "change_message": "[{\"added\": {}}]"}}, {"model": "admin.logentry", "pk": 44, "fields": {"action_time": "2020-09-01T16:17:27.361Z", "user": 1, "content_type": 12, "object_id": "13", "object_repr": "Desain Grafis", "action_flag": 1, "change_message": "[{\"added\": {}}]"}}, {"model": "admin.logentry", "pk": 45, "fields": {"action_time": "2020-09-02T05:27:50.524Z", "user": 1, "content_type": 13, "object_id": "4", "object_repr": "Hariz Sufyan Munawar Bahasa Inggris", "action_flag": 1, "change_message": "[{\"added\": {}}]"}}, {"model": "admin.logentry", "pk": 46, "fields": {"action_time": "2020-09-02T05:32:37.420Z", "user": 1, "content_type": 13, "object_id": "5", "object_repr": "Hariz Sufyan Munawar Bahasa Jepang", "action_flag": 1, "change_message": "[{\"added\": {}}]"}}, {"model": "admin.logentry", "pk": 47, "fields": {"action_time": "2020-09-02T05:33:12.157Z", "user": 1, "content_type": 13, "object_id": "5", "object_repr": "Hariz Sufyan Munawar Bahasa Jepang", "action_flag": 3, "change_message": ""}}, {"model": "admin.logentry", "pk": 48, "fields": {"action_time": "2020-09-02T10:46:46.366Z", "user": 1, "content_type": 6, "object_id": "10", "object_repr": "0030950292", "action_flag": 3, "change_message": ""}}, {"model": "admin.logentry", "pk": 49, "fields": {"action_time": "2020-09-02T12:11:44.518Z", "user": 1, "content_type": 7, "object_id": "33", "object_repr": "Nike Nurul Nadilla", "action_flag": 2, "change_message": "[{\"changed\": {\"fields\": [\"Nis\", \"Gender\"]}}]"}}, {"model": "admin.logentry", "pk": 50, "fields": {"action_time": "2020-09-02T12:21:27.720Z", "user": 1, "content_type": 7, "object_id": "42", "object_repr": "Wanita", "action_flag": 3, "change_message": ""}}, {"model": "admin.logentry", "pk": 51, "fields": {"action_time": "2020-09-02T12:21:33.295Z", "user": 1, "content_type": 7, "object_id": "41", "object_repr": "Wulan Sari", "action_flag": 2, "change_message": "[{\"changed\": {\"fields\": [\"Gender\"]}}]"}}, {"model": "admin.logentry", "pk": 52, "fields": {"action_time": "2020-09-02T12:21:41.076Z", "user": 1, "content_type": 7, "object_id": "38", "object_repr": "Sania Dewi", "action_flag": 2, "change_message": "[{\"changed\": {\"fields\": [\"Gender\"]}}]"}}, {"model": "admin.logentry", "pk": 53, "fields": {"action_time": "2020-09-02T12:21:49.888Z", "user": 1, "content_type": 7, "object_id": "37", "object_repr": "Salsabila Maharani Putri", "action_flag": 2, "change_message": "[{\"changed\": {\"fields\": [\"Gender\"]}}]"}}, {"model": "admin.logentry", "pk": 54, "fields": {"action_time": "2020-09-02T12:21:57.436Z", "user": 1, "content_type": 7, "object_id": "36", "object_repr": "Salsa Bila Finhar", "action_flag": 2, "change_message": "[{\"changed\": {\"fields\": [\"Gender\"]}}]"}}, {"model": "admin.logentry", "pk": 55, "fields": {"action_time": "2020-09-02T12:22:04.856Z", "user": 1, "content_type": 7, "object_id": "35", "object_repr": "Nisrina Fathya Hidayat", "action_flag": 2, "change_message": "[{\"changed\": {\"fields\": [\"Gender\"]}}]"}}, {"model": "admin.logentry", "pk": 56, "fields": {"action_time": "2020-09-02T12:22:12.579Z", "user": 1, "content_type": 7, "object_id": "32", "object_repr": "Natasya Maharani", "action_flag": 2, "change_message": "[{\"changed\": {\"fields\": [\"Gender\"]}}]"}}, {"model": "admin.logentry", "pk": 57, "fields": {"action_time": "2020-09-02T12:22:28.657Z", "user": 1, "content_type": 7, "object_id": "28", "object_repr": "Mala Anisa Ulfasari", "action_flag": 2, "change_message": "[{\"changed\": {\"fields\": [\"Gender\"]}}]"}}, {"model": "admin.logentry", "pk": 58, "fields": {"action_time": "2020-09-02T12:22:42.036Z", "user": 1, "content_type": 7, "object_id": "23", "object_repr": "Diva Zahraisya Putri Utami", "action_flag": 2, "change_message": "[{\"changed\": {\"fields\": [\"Gender\"]}}]"}}, {"model": "admin.logentry", "pk": 59, "fields": {"action_time": "2020-09-02T12:22:51.560Z", "user": 1, "content_type": 7, "object_id": "21", "object_repr": "Bilqis Katuffahati Zanzabila", "action_flag": 2, "change_message": "[{\"changed\": {\"fields\": [\"Gender\"]}}]"}}, {"model": "admin.logentry", "pk": 60, "fields": {"action_time": "2020-09-02T12:23:00.386Z", "user": 1, "content_type": 7, "object_id": "20", "object_repr": "Azizah Muji Lestari", "action_flag": 2, "change_message": "[{\"changed\": {\"fields\": [\"Gender\"]}}]"}}, {"model": "admin.logentry", "pk": 61, "fields": {"action_time": "2020-09-02T12:23:09.284Z", "user": 1, "content_type": 7, "object_id": "19", "object_repr": "Ayudia Jayanti", "action_flag": 2, "change_message": "[{\"changed\": {\"fields\": [\"Gender\"]}}]"}}, {"model": "auth.permission", "pk": 1, "fields": {"name": "Can add log entry", "content_type": 1, "codename": "add_logentry"}}, {"model": "auth.permission", "pk": 2, "fields": {"name": "Can change log entry", "content_type": 1, "codename": "change_logentry"}}, {"model": "auth.permission", "pk": 3, "fields": {"name": "Can delete log entry", "content_type": 1, "codename": "delete_logentry"}}, {"model": "auth.permission", "pk": 4, "fields": {"name": "Can view log entry", "content_type": 1, "codename": "view_logentry"}}, {"model": "auth.permission", "pk": 5, "fields": {"name": "Can add permission", "content_type": 2, "codename": "add_permission"}}, {"model": "auth.permission", "pk": 6, "fields": {"name": "Can change permission", "content_type": 2, "codename": "change_permission"}}, {"model": "auth.permission", "pk": 7, "fields": {"name": "Can delete permission", "content_type": 2, "codename": "delete_permission"}}, {"model": "auth.permission", "pk": 8, "fields": {"name": "Can view permission", "content_type": 2, "codename": "view_permission"}}, {"model": "auth.permission", "pk": 9, "fields": {"name": "Can add group", "content_type": 3, "codename": "add_group"}}, {"model": "auth.permission", "pk": 10, "fields": {"name": "Can change group", "content_type": 3, "codename": "change_group"}}, {"model": "auth.permission", "pk": 11, "fields": {"name": "Can delete group", "content_type": 3, "codename": "delete_group"}}, {"model": "auth.permission", "pk": 12, "fields": {"name": "Can view group", "content_type": 3, "codename": "view_group"}}, {"model": "auth.permission", "pk": 13, "fields": {"name": "Can add content type", "content_type": 4, "codename": "add_contenttype"}}, {"model": "auth.permission", "pk": 14, "fields": {"name": "Can change content type", "content_type": 4, "codename": "change_contenttype"}}, {"model": "auth.permission", "pk": 15, "fields": {"name": "Can delete content type", "content_type": 4, "codename": "delete_contenttype"}}, {"model": "auth.permission", "pk": 16, "fields": {"name": "Can view content type", "content_type": 4, "codename": "view_contenttype"}}, {"model": "auth.permission", "pk": 17, "fields": {"name": "Can add session", "content_type": 5, "codename": "add_session"}}, {"model": "auth.permission", "pk": 18, "fields": {"name": "Can change session", "content_type": 5, "codename": "change_session"}}, {"model": "auth.permission", "pk": 19, "fields": {"name": "Can delete session", "content_type": 5, "codename": "delete_session"}}, {"model": "auth.permission", "pk": 20, "fields": {"name": "Can view session", "content_type": 5, "codename": "view_session"}}, {"model": "auth.permission", "pk": 21, "fields": {"name": "Can add user", "content_type": 6, "codename": "add_user"}}, {"model": "auth.permission", "pk": 22, "fields": {"name": "Can change user", "content_type": 6, "codename": "change_user"}}, {"model": "auth.permission", "pk": 23, "fields": {"name": "Can delete user", "content_type": 6, "codename": "delete_user"}}, {"model": "auth.permission", "pk": 24, "fields": {"name": "Can view user", "content_type": 6, "codename": "view_user"}}, {"model": "auth.permission", "pk": 25, "fields": {"name": "Can add siswa", "content_type": 7, "codename": "add_siswa"}}, {"model": "auth.permission", "pk": 26, "fields": {"name": "Can change siswa", "content_type": 7, "codename": "change_siswa"}}, {"model": "auth.permission", "pk": 27, "fields": {"name": "Can delete siswa", "content_type": 7, "codename": "delete_siswa"}}, {"model": "auth.permission", "pk": 28, "fields": {"name": "Can view siswa", "content_type": 7, "codename": "view_siswa"}}, {"model": "auth.permission", "pk": 29, "fields": {"name": "Can add guru", "content_type": 8, "codename": "add_guru"}}, {"model": "auth.permission", "pk": 30, "fields": {"name": "Can change guru", "content_type": 8, "codename": "change_guru"}}, {"model": "auth.permission", "pk": 31, "fields": {"name": "Can delete guru", "content_type": 8, "codename": "delete_guru"}}, {"model": "auth.permission", "pk": 32, "fields": {"name": "Can view guru", "content_type": 8, "codename": "view_guru"}}, {"model": "auth.permission", "pk": 33, "fields": {"name": "Can add jurusan", "content_type": 9, "codename": "add_jurusan"}}, {"model": "auth.permission", "pk": 34, "fields": {"name": "Can change jurusan", "content_type": 9, "codename": "change_jurusan"}}, {"model": "auth.permission", "pk": 35, "fields": {"name": "Can delete jurusan", "content_type": 9, "codename": "delete_jurusan"}}, {"model": "auth.permission", "pk": 36, "fields": {"name": "Can view jurusan", "content_type": 9, "codename": "view_jurusan"}}, {"model": "auth.permission", "pk": 37, "fields": {"name": "Can add kelas", "content_type": 10, "codename": "add_kelas"}}, {"model": "auth.permission", "pk": 38, "fields": {"name": "Can change kelas", "content_type": 10, "codename": "change_kelas"}}, {"model": "auth.permission", "pk": 39, "fields": {"name": "Can delete kelas", "content_type": 10, "codename": "delete_kelas"}}, {"model": "auth.permission", "pk": 40, "fields": {"name": "Can view kelas", "content_type": 10, "codename": "view_kelas"}}, {"model": "auth.permission", "pk": 41, "fields": {"name": "Can add ekskul", "content_type": 11, "codename": "add_ekskul"}}, {"model": "auth.permission", "pk": 42, "fields": {"name": "Can change ekskul", "content_type": 11, "codename": "change_ekskul"}}, {"model": "auth.permission", "pk": 43, "fields": {"name": "Can delete ekskul", "content_type": 11, "codename": "delete_ekskul"}}, {"model": "auth.permission", "pk": 44, "fields": {"name": "Can view ekskul", "content_type": 11, "codename": "view_ekskul"}}, {"model": "auth.permission", "pk": 45, "fields": {"name": "Can add mata pelajaran", "content_type": 12, "codename": "add_matapelajaran"}}, {"model": "auth.permission", "pk": 46, "fields": {"name": "Can change mata pelajaran", "content_type": 12, "codename": "change_matapelajaran"}}, {"model": "auth.permission", "pk": 47, "fields": {"name": "Can delete mata pelajaran", "content_type": 12, "codename": "delete_matapelajaran"}}, {"model": "auth.permission", "pk": 48, "fields": {"name": "Can view mata pelajaran", "content_type": 12, "codename": "view_matapelajaran"}}, {"model": "auth.permission", "pk": 49, "fields": {"name": "Can add nilai mata pelajaran", "content_type": 13, "codename": "add_nilaimatapelajaran"}}, {"model": "auth.permission", "pk": 50, "fields": {"name": "Can change nilai mata pelajaran", "content_type": 13, "codename": "change_nilaimatapelajaran"}}, {"model": "auth.permission", "pk": 51, "fields": {"name": "Can delete nilai mata pelajaran", "content_type": 13, "codename": "delete_nilaimatapelajaran"}}, {"model": "auth.permission", "pk": 52, "fields": {"name": "Can view nilai mata pelajaran", "content_type": 13, "codename": "view_nilaimatapelajaran"}}, {"model": "auth.permission", "pk": 53, "fields": {"name": "Can add nilai ekskul", "content_type": 14, "codename": "add_nilaiekskul"}}, {"model": "auth.permission", "pk": 54, "fields": {"name": "Can change nilai ekskul", "content_type": 14, "codename": "change_nilaiekskul"}}, {"model": "auth.permission", "pk": 55, "fields": {"name": "Can delete nilai ekskul", "content_type": 14, "codename": "delete_nilaiekskul"}}, {"model": "auth.permission", "pk": 56, "fields": {"name": "Can view nilai ekskul", "content_type": 14, "codename": "view_nilaiekskul"}}, {"model": "sessions.session", "pk": "6ha0w8jk0i4hgw91r1qw6u75w3w8hk8p", "fields": {"session_data": ".eJxVjEsOwjAMBe-SNYqaj-uEJXvOUNmOSwqolfpZIe4OlbqA7ZuZ9zIdbWvttkXnbijmbJw5_W5M8tBxB-VO422yMo3rPLDdFXvQxV6nos_L4f4dVFrqtw5eEDRDrzE5CqAeFTMjoLqmbzljbCEGQheZBQgggQDn0GiKXtS8P819N1k:1kDR7o:_yfHNfRCTfsD4IFs0hzdkI6v4G7NQW7o8kWEajTF6PI", "expire_date": "2020-09-16T11:40:24.415Z"}}, {"model": "sessions.session", "pk": "u36lmvacbbyrr0xeaq23d1bjnc4tge91", "fields": {"session_data": ".eJxVjEsOwjAMBe-SNYqaj-uEJXvOUNmOSwqolfpZIe4OlbqA7ZuZ9zIdbWvttkXnbijmbJw5_W5M8tBxB-VO422yMo3rPLDdFXvQxV6nos_L4f4dVFrqtw5eEDRDrzE5CqAeFTMjoLqmbzljbCEGQheZBQgggQDn0GiKXtS8P819N1k:1kD8yD:963uzPHMfmAQItuAJnFhQl_SlRWUdCzbCWLsn_9nU0A", "expire_date": "2020-09-15T16:17:17.121Z"}}, {"model": "User.user", "pk": 1, "fields": {"password": "pbkdf2_sha256$216000$VN0DHCJNgtg9$teGFhKoMPcUCo92bfDoVcONrbXz7pPqRxI5FU/BfscA=", "nomor_induk": "12345", "level": "A", "username": "admin", "date_joined": "2020-08-31T16:50:43.655Z", "last_login": "2020-09-02T11:40:24.344Z", "is_admin": true, "is_staff": true, "is_superuser": true, "is_active": true}}, {"model": "User.user", "pk": 3, "fields": {"password": "pbkdf2_sha256$216000$uu4HRYShqNB2$i8CFU/nFifeeNI+9zqeSXbW7O32QZJZEpfRDlZyTj2g=", "nomor_induk": "0040172372", "level": "S", "username": "Hariz", "date_joined": "2020-08-31T17:13:25.229Z", "last_login": "2020-09-02T07:20:22.251Z", "is_admin": false, "is_staff": false, "is_superuser": false, "is_active": true}}, {"model": "User.user", "pk": 4, "fields": {"password": "pbkdf2_sha256$216000$s75G4Q0nn8XJ$nldQGoYQ+iuA0CpUPacozbinzJV5aHIb6ptSjNE1G00=", "nomor_induk": "123456789012345678", "level": "G", "username": "Yuli", "date_joined": "2020-08-31T17:28:33.919Z", "last_login": "2020-09-01T04:44:48.827Z", "is_admin": false, "is_staff": false, "is_superuser": false, "is_active": true}}, {"model": "User.user", "pk": 11, "fields": {"password": "pbkdf2_sha256$216000$5P4NSXo8t3jc$hxD4EHuNd2aLqCdytmuxMGfxoig+ZSxoxi5jkEBZJ+I=", "nomor_induk": "0030950292", "level": "S", "username": "Ganiya", "date_joined": "2020-09-02T11:28:11.784Z", "last_login": "2020-09-02T11:28:11.784Z", "is_admin": false, "is_staff": false, "is_superuser": false, "is_active": true}}, {"model": "User.user", "pk": 12, "fields": {"password": "pbkdf2_sha256$216000$kpPXrY5WkChR$v/E6JBPWjQtUNYYejcDr/JldAXC7Xhk9jHtBlAZNT2A=", "nomor_induk": "0031818066", "level": "S", "username": "Shamah", "date_joined": "2020-09-02T11:31:01.848Z", "last_login": "2020-09-02T11:31:01.848Z", "is_admin": false, "is_staff": false, "is_superuser": false, "is_active": true}}, {"model": "User.user", "pk": 13, "fields": {"password": "pbkdf2_sha256$216000$osNh5QOxhUNb$ni59lZ3gfZ0afPOScaOzn1TWbZeAnXm4kxBLY6fB6XE=", "nomor_induk": "0024284971", "level": "S", "username": "Rier", "date_joined": "2020-09-02T11:32:05.852Z", "last_login": "2020-09-02T11:32:05.852Z", "is_admin": false, "is_staff": false, "is_superuser": false, "is_active": true}}, {"model": "User.user", "pk": 14, "fields": {"password": "pbkdf2_sha256$216000$8hB1HCn3Yf2W$9++gPhUxeRKXI5dmMbwz/OLWDqRXRFCJP82rc59/p/g=", "nomor_induk": "0022754705", "level": "S", "username": "Hasboy", "date_joined": "2020-09-02T11:34:01.747Z", "last_login": "2020-09-02T11:34:01.747Z", "is_admin": false, "is_staff": false, "is_superuser": false, "is_active": true}}, {"model": "User.user", "pk": 15, "fields": {"password": "pbkdf2_sha256$216000$D4hKrGhz28XB$6FUmhkCezp7+DOTboPiEP7KIaD6bVcQS90hJutMGPXA=", "nomor_induk": "0023667490", "level": "S", "username": "Dapa", "date_joined": "2020-09-02T11:35:15.614Z", "last_login": "2020-09-02T11:35:15.614Z", "is_admin": false, "is_staff": false, "is_superuser": false, "is_active": true}}, {"model": "User.user", "pk": 16, "fields": {"password": "pbkdf2_sha256$216000$HHTlHc8kqzew$PFbNqzJI5nHubugRc9O7cPrFh+DHlqgQWkrflJ0IdaQ=", "nomor_induk": "0031554155", "level": "S", "username": "Deka", "date_joined": "2020-09-02T11:36:04.982Z", "last_login": "2020-09-02T11:36:04.982Z", "is_admin": false, "is_staff": false, "is_superuser": false, "is_active": true}}, {"model": "User.user", "pk": 17, "fields": {"password": "pbkdf2_sha256$216000$3CHmObOpuThV$VzuveYWTH5lF840U1YF9XL89OobUFDXN+SU9DLYjYPA=", "nomor_induk": "0028390559", "level": "S", "username": "Adam", "date_joined": "2020-09-02T11:43:49.679Z", "last_login": "2020-09-02T11:43:49.680Z", "is_admin": false, "is_staff": false, "is_superuser": false, "is_active": true}}, {"model": "User.user", "pk": 18, "fields": {"password": "pbkdf2_sha256$216000$Lk1tqgU9m5j7$yTz1BcSY/xNV8kVTPfsrzvKelUmECDqok5zM1eW4SF0=", "nomor_induk": "0024758272", "level": "S", "username": "Ahmad", "date_joined": "2020-09-02T11:45:05.040Z", "last_login": "2020-09-02T11:45:05.040Z", "is_admin": false, "is_staff": false, "is_superuser": false, "is_active": true}}, {"model": "User.user", "pk": 19, "fields": {"password": "pbkdf2_sha256$216000$Z3n5NuWbstx6$7hk/HIo5hN+/1K9NKMo5TQiru5j+aDjEF4AIQhYEYKQ=", "nomor_induk": "0027097219", "level": "S", "username": "Aldy", "date_joined": "2020-09-02T11:45:59.285Z", "last_login": "2020-09-02T11:45:59.285Z", "is_admin": false, "is_staff": false, "is_superuser": false, "is_active": true}}, {"model": "User.user", "pk": 20, "fields": {"password": "pbkdf2_sha256$216000$2QahkVR3qddC$VyIQU5ySkGh1nNJngnX9xQyfiSiGQYwFn9UqjkNNzdM=", "nomor_induk": "0024633224", "level": "S", "username": "Alsani", "date_joined": "2020-09-02T11:46:55.535Z", "last_login": "2020-09-02T11:46:55.535Z", "is_admin": false, "is_staff": false, "is_superuser": false, "is_active": true}}, {"model": "User.user", "pk": 21, "fields": {"password": "pbkdf2_sha256$216000$FFYJzCqC8XA5$gfxTDbNgmkC8L17Soy1IWpdpQFIhsyP3JNRozLxQOuE=", "nomor_induk": "0031458892", "level": "S", "username": "Aria", "date_joined": "2020-09-02T11:47:51.407Z", "last_login": "2020-09-02T11:47:51.407Z", "is_admin": false, "is_staff": false, "is_superuser": false, "is_active": true}}, {"model": "User.user", "pk": 22, "fields": {"password": "pbkdf2_sha256$216000$xHyl5gpfDf20$mcnE4iiULZic2al6VD380ocrsRNcobVyJusZwgPkIWs=", "nomor_induk": "0032125523", "level": "S", "username": "Ayudia", "date_joined": "2020-09-02T11:50:05.552Z", "last_login": "2020-09-02T11:50:05.552Z", "is_admin": false, "is_staff": false, "is_superuser": false, "is_active": true}}, {"model": "User.user", "pk": 23, "fields": {"password": "pbkdf2_sha256$216000$mwFSGgh5M80c$H7yuCy42sItnesyw9zjPRUQ2S6+aap7iPMHuQ1X5b7A=", "nomor_induk": "0026532566", "level": "S", "username": "Azizah", "date_joined": "2020-09-02T11:51:09.058Z", "last_login": "2020-09-02T11:51:09.058Z", "is_admin": false, "is_staff": false, "is_superuser": false, "is_active": true}}, {"model": "User.user", "pk": 24, "fields": {"password": "pbkdf2_sha256$216000$7mLOu1Mvp8Rz$zemLlWTmjMynh59CLbRcdhrgJNjTxD1A/czD8CjpHiU=", "nomor_induk": "0031836346", "level": "S", "username": "Bilqis", "date_joined": "2020-09-02T11:52:08.373Z", "last_login": "2020-09-02T11:52:08.373Z", "is_admin": false, "is_staff": false, "is_superuser": false, "is_active": true}}, {"model": "User.user", "pk": 25, "fields": {"password": "pbkdf2_sha256$216000$eSoETHCzOdEr$JgsxjiqfvA25D9nr2UI4WI3U/20LL08mYvtKFwY9hH0=", "nomor_induk": "0026532626", "level": "S", "username": "Dery", "date_joined": "2020-09-02T11:53:08.821Z", "last_login": "2020-09-02T11:53:08.821Z", "is_admin": false, "is_staff": false, "is_superuser": false, "is_active": true}}, {"model": "User.user", "pk": 26, "fields": {"password": "pbkdf2_sha256$216000$kGmDaN5WDBjV$Slr12vqn8vGANftBy+LxQDM7vAflh6fGKR+Md28xQRU=", "nomor_induk": "0037039409", "level": "S", "username": "Diva", "date_joined": "2020-09-02T11:54:08.417Z", "last_login": "2020-09-02T11:54:08.417Z", "is_admin": false, "is_staff": false, "is_superuser": false, "is_active": true}}, {"model": "User.user", "pk": 27, "fields": {"password": "pbkdf2_sha256$216000$TArWPjq994kE$HjvaqUtEz4gitkl7ktPaHCylfRRtV9dNewM1S0H2bQQ=", "nomor_induk": "0026139635", "level": "S", "username": "Fahmi", "date_joined": "2020-09-02T11:54:52.917Z", "last_login": "2020-09-02T11:54:52.917Z", "is_admin": false, "is_staff": false, "is_superuser": false, "is_active": true}}, {"model": "User.user", "pk": 28, "fields": {"password": "pbkdf2_sha256$216000$Zj1cuaX2x8ST$xw0uFZ9Vy+qSP4gP/So5i+HYCu5zj/64n11TjhddEio=", "nomor_induk": "0024633245", "level": "S", "username": "Ilham", "date_joined": "2020-09-02T11:56:26.806Z", "last_login": "2020-09-02T11:56:26.806Z", "is_admin": false, "is_staff": false, "is_superuser": false, "is_active": true}}, {"model": "User.user", "pk": 29, "fields": {"password": "pbkdf2_sha256$216000$ytroC7AYfQRV$PPCHTJ2fYf7R9oM8+IPVcqQyBH9Ty3G3efNy1GHYB+Y=", "nomor_induk": "0033133639", "level": "S", "username": "Jul", "date_joined": "2020-09-02T11:57:11.412Z", "last_login": "2020-09-02T11:57:11.412Z", "is_admin": false, "is_staff": false, "is_superuser": false, "is_active": true}}, {"model": "User.user", "pk": 30, "fields": {"password": "pbkdf2_sha256$216000$PZyKUSezmU3R$ZeF//0UUKEAZkH+GEDyRwXlK9y00Pk2Nkuzn726wNGU=", "nomor_induk": "0026139663", "level": "S", "username": "Khadafi", "date_joined": "2020-09-02T12:03:48.242Z", "last_login": "2020-09-02T12:03:48.242Z", "is_admin": false, "is_staff": false, "is_superuser": false, "is_active": true}}, {"model": "User.user", "pk": 31, "fields": {"password": "pbkdf2_sha256$216000$2d7jqqf2Ejxc$Em910JE6oozwFsZNs92zaJp1ciGb2RWi8vCD3T7Psjw=", "nomor_induk": "0035925897", "level": "S", "username": "Mala", "date_joined": "2020-09-02T12:04:50.885Z", "last_login": "2020-09-02T12:04:50.885Z", "is_admin": false, "is_staff": false, "is_superuser": false, "is_active": true}}, {"model": "User.user", "pk": 32, "fields": {"password": "pbkdf2_sha256$216000$0xlYTLqVq7ZG$cQJ1EFPyF2NA6o45nkimX/lanxwFhQlE5UivUeHg3eU=", "nomor_induk": "0023649377", "level": "S", "username": "Farhan", "date_joined": "2020-09-02T12:05:39.558Z", "last_login": "2020-09-02T12:05:39.558Z", "is_admin": false, "is_staff": false, "is_superuser": false, "is_active": true}}, {"model": "User.user", "pk": 33, "fields": {"password": "pbkdf2_sha256$216000$Jtj7nCrB88Fb$b0H/pTBdY4xqkQTNlb6MGmmPnZlpMPtatibHNSYs5x4=", "nomor_induk": "0028086260", "level": "S", "username": "Rafli", "date_joined": "2020-09-02T12:06:30.055Z", "last_login": "2020-09-02T12:06:30.055Z", "is_admin": false, "is_staff": false, "is_superuser": false, "is_active": true}}, {"model": "User.user", "pk": 34, "fields": {"password": "pbkdf2_sha256$216000$eldObTipunj3$s0bsY8eS+B5QDXKd0IZNigB8kqdbdmQ+X1ojIIiqToI=", "nomor_induk": "0026280346", "level": "S", "username": "Jehan", "date_joined": "2020-09-02T12:07:19.478Z", "last_login": "2020-09-02T12:07:19.478Z", "is_admin": false, "is_staff": false, "is_superuser": false, "is_active": true}}, {"model": "User.user", "pk": 35, "fields": {"password": "pbkdf2_sha256$216000$GH7x907aPwkS$ZSPGF6sqaSGm9mwzMxI0PrY+lUWuhhSaRxw6dGf4xEQ=", "nomor_induk": "0031836753", "level": "S", "username": "Natasya", "date_joined": "2020-09-02T12:08:05.834Z", "last_login": "2020-09-02T12:08:05.834Z", "is_admin": false, "is_staff": false, "is_superuser": false, "is_active": true}}, {"model": "User.user", "pk": 36, "fields": {"password": "pbkdf2_sha256$216000$uBkscekRkgYf$mev19J6skwfwt0fHXnaR8qOsSp1K7UHEsOqxqVirPQQ=", "nomor_induk": "0023666947", "level": "S", "username": "Nike", "date_joined": "2020-09-02T12:09:08.416Z", "last_login": "2020-09-02T12:09:08.416Z", "is_admin": false, "is_staff": false, "is_superuser": false, "is_active": true}}, {"model": "User.user", "pk": 37, "fields": {"password": "pbkdf2_sha256$216000$RvkCr4YkEydK$zNAZe0m+K5/iIe0TPEglcUyv2P12r7d51GhohH0gVR8=", "nomor_induk": "0031170543", "level": "S", "username": "Renaldi", "date_joined": "2020-09-02T12:10:24.591Z", "last_login": "2020-09-02T12:10:24.591Z", "is_admin": false, "is_staff": false, "is_superuser": false, "is_active": true}}, {"model": "User.user", "pk": 38, "fields": {"password": "pbkdf2_sha256$216000$eDOynZjZQF0G$DCBq83KZI68Wb7esfdrnqLlZTqtu4CkP745VMhodOf0=", "nomor_induk": "0030495685", "level": "S", "username": "Nisrina", "date_joined": "2020-09-02T12:13:17.207Z", "last_login": "2020-09-02T12:13:17.207Z", "is_admin": false, "is_staff": false, "is_superuser": false, "is_active": true}}, {"model": "User.user", "pk": 39, "fields": {"password": "pbkdf2_sha256$216000$lzFD9HHQGBqB$biNmCsjLy1mCsrjCkMZ+TMV9yy5//q4xesQQkX7OrXM=", "nomor_induk": "0025139486", "level": "S", "username": "Salsa", "date_joined": "2020-09-02T12:14:08.072Z", "last_login": "2020-09-02T12:14:08.072Z", "is_admin": false, "is_staff": false, "is_superuser": false, "is_active": true}}, {"model": "User.user", "pk": 40, "fields": {"password": "pbkdf2_sha256$216000$PzdaNnIfSNIl$0lkz2uyhrMTSgxe7jj/1FQJOL0YvVHj3Mm25BgXWfzA=", "nomor_induk": "0037914691", "level": "S", "username": "Salsabila", "date_joined": "2020-09-02T12:15:06.488Z", "last_login": "2020-09-02T12:15:06.488Z", "is_admin": false, "is_staff": false, "is_superuser": false, "is_active": true}}, {"model": "User.user", "pk": 41, "fields": {"password": "pbkdf2_sha256$216000$EglW05E8878r$kbWGnUwxCSjRKvocY6i2lvbR/gY+3D2qx8WbAfDnCjI=", "nomor_induk": "0028900755", "level": "S", "username": "Sania", "date_joined": "2020-09-02T12:15:46.513Z", "last_login": "2020-09-02T12:15:46.514Z", "is_admin": false, "is_staff": false, "is_superuser": false, "is_active": true}}, {"model": "User.user", "pk": 42, "fields": {"password": "pbkdf2_sha256$216000$ehaGystfFAvI$DWQcsattBvJTuNo/DNh6QNTq0tsPs8s+eIOZ2UAlBP0=", "nomor_induk": "0023325211", "level": "S", "username": "Sayvela", "date_joined": "2020-09-02T12:16:32.148Z", "last_login": "2020-09-02T12:16:32.148Z", "is_admin": false, "is_staff": false, "is_superuser": false, "is_active": true}}, {"model": "User.user", "pk": 43, "fields": {"password": "pbkdf2_sha256$216000$ILA5u0jdJW8o$2cOVtGcUv5bSNWpc+21GMJXewc9T9nQm+INigXFx4E0=", "nomor_induk": "0027114249", "level": "S", "username": "Septian", "date_joined": "2020-09-02T12:17:41.060Z", "last_login": "2020-09-02T12:17:41.060Z", "is_admin": false, "is_staff": false, "is_superuser": false, "is_active": true}}, {"model": "User.user", "pk": 44, "fields": {"password": "pbkdf2_sha256$216000$OhJarx0KBAp8$bANLONeH2Xc40IXaDBbBXdBTnRT8kXLcqdCZ0G4r9/k=", "nomor_induk": "0027351620", "level": "S", "username": "Wul", "date_joined": "2020-09-02T12:18:53.815Z", "last_login": "2020-09-02T12:18:53.815Z", "is_admin": false, "is_staff": false, "is_superuser": false, "is_active": true}}, {"model": "User.user", "pk": 45, "fields": {"password": "pbkdf2_sha256$216000$PfIx1FdGhIXC$eTAyWnmt01pRu9gkaSKwbOPOa2rawSAQ3uuC4RMEN9U=", "nomor_induk": "452452", "level": "S", "username": "wanita", "date_joined": "2020-09-02T12:21:09.191Z", "last_login": "2020-09-02T12:21:09.191Z", "is_admin": false, "is_staff": false, "is_superuser": false, "is_active": true}}, {"model": "User.guru", "pk": 1, "fields": {"user": 4, "nip": "123456789012345678", "nama": "Yuli Pamungkas", "tanggal_lahir": "1975-07-25", "gender": "P"}}, {"model": "User.siswa", "pk": 1, "fields": {"user": 3, "nama": "Hariz Sufyan Munawar", "gender": "P", "nis": "181113834", "nisn": "0040172372", "tanggal_lahir": "2004-03-01", "kelas": 1}}, {"model": "User.siswa", "pk": 8, "fields": {"user": 11, "nama": "Ganiya Mustafa", "gender": "P", "nis": "181113833", "nisn": "0030950292", "tanggal_lahir": "2003-05-09", "kelas": 1}}, {"model": "User.siswa", "pk": 9, "fields": {"user": 12, "nama": "Shaddam Amru", "gender": "P", "nis": "181113854", "nisn": "0031818066", "tanggal_lahir": "2003-02-02", "kelas": 1}}, {"model": "User.siswa", "pk": 10, "fields": {"user": 13, "nama": "Muhammad Rifki Erlangga", "gender": "P", "nis": "181113843", "nisn": "0024284971", "tanggal_lahir": "2002-09-24", "kelas": 1}}, {"model": "User.siswa", "pk": 11, "fields": {"user": 14, "nama": "Hasbi Hawarizmi", "gender": "P", "nis": "181113835", "nisn": "0022754705", "tanggal_lahir": "2002-07-24", "kelas": 1}}, {"model": "User.siswa", "pk": 12, "fields": {"user": 15, "nama": "Dafa Nurul Fauziansyah", "gender": "P", "nis": "181113829", "nisn": "0023667490", "tanggal_lahir": "2002-10-08", "kelas": 1}}, {"model": "User.siswa", "pk": 13, "fields": {"user": 16, "nama": "Adrian Daniel Kristanto", "gender": "P", "nis": "181113821", "nisn": "0031554155", "tanggal_lahir": "2003-05-23", "kelas": 1}}, {"model": "User.siswa", "pk": 14, "fields": {"user": 17, "nama": "Adam Albani Timmothy", "gender": "P", "nis": "181113820", "nisn": "0028390559", "tanggal_lahir": "2002-05-07", "kelas": 1}}, {"model": "User.siswa", "pk": 15, "fields": {"user": 18, "nama": "Ahmad Wahyu Nur Prasetyo", "gender": "P", "nis": "181113822", "nisn": "0024758272", "tanggal_lahir": "2002-11-05", "kelas": 1}}, {"model": "User.siswa", "pk": 16, "fields": {"user": 19, "nama": "Aldy Ardiansyah", "gender": "P", "nis": "181113823", "nisn": "0027097219", "tanggal_lahir": "2003-02-07", "kelas": 1}}, {"model": "User.siswa", "pk": 17, "fields": {"user": 20, "nama": "Alsani Adha Ridwana", "gender": "P", "nis": "181113824", "nisn": "0024633224", "tanggal_lahir": "2002-04-07", "kelas": 1}}, {"model": "User.siswa", "pk": 18, "fields": {"user": 21, "nama": "Aria Bagaswara", "gender": "P", "nis": "181113825", "nisn": "0031458892", "tanggal_lahir": "2003-05-07", "kelas": 1}}, {"model": "User.siswa", "pk": 19, "fields": {"user": 22, "nama": "Ayudia Jayanti", "gender": "W", "nis": "181113826", "nisn": "0032125523", "tanggal_lahir": "2003-02-03", "kelas": 1}}, {"model": "User.siswa", "pk": 20, "fields": {"user": 23, "nama": "Azizah Muji Lestari", "gender": "W", "nis": "181113827", "nisn": "0026532566", "tanggal_lahir": "2002-03-06", "kelas": 1}}, {"model": "User.siswa", "pk": 21, "fields": {"user": 24, "nama": "Bilqis Katuffahati Zanzabila", "gender": "W", "nis": "181113828", "nisn": "0031836346", "tanggal_lahir": "2003-02-04", "kelas": 1}}, {"model": "User.siswa", "pk": 22, "fields": {"user": 25, "nama": "Dery Saiful Nurhalim", "gender": "P", "nis": "181113830", "nisn": "0026532626", "tanggal_lahir": "2002-12-05", "kelas": 1}}, {"model": "User.siswa", "pk": 23, "fields": {"user": 26, "nama": "Diva Zahraisya Putri Utami", "gender": "W", "nis": "181113831", "nisn": "0037039409", "tanggal_lahir": "2003-06-08", "kelas": 1}}, {"model": "User.siswa", "pk": 24, "fields": {"user": 27, "nama": "Fahmi Raihan", "gender": "P", "nis": "181113832", "nisn": "0026139635", "tanggal_lahir": "2002-02-05", "kelas": 1}}, {"model": "User.siswa", "pk": 25, "fields": {"user": 28, "nama": "Ilham Shiddiq", "gender": "P", "nis": "181113836", "nisn": "0024633245", "tanggal_lahir": "2002-04-06", "kelas": 1}}, {"model": "User.siswa", "pk": 26, "fields": {"user": 29, "nama": "Julianto", "gender": "P", "nis": "181113837", "nisn": "0033133639", "tanggal_lahir": "2003-07-13", "kelas": 1}}, {"model": "User.siswa", "pk": 27, "fields": {"user": 30, "nama": "Khadafi Rindi Nurdeansyah", "gender": "P", "nis": "181113838", "nisn": "0026139663", "tanggal_lahir": "2002-05-08", "kelas": 1}}, {"model": "User.siswa", "pk": 28, "fields": {"user": 31, "nama": "Mala Anisa Ulfasari", "gender": "W", "nis": "181113839", "nisn": "0035925897", "tanggal_lahir": "2003-07-08", "kelas": 1}}, {"model": "User.siswa", "pk": 29, "fields": {"user": 32, "nama": "Moch. Farhan Maulana Rajib", "gender": "P", "nis": "181113840", "nisn": "0023649377", "tanggal_lahir": "2002-02-08", "kelas": 1}}, {"model": "User.siswa", "pk": 30, "fields": {"user": 33, "nama": "Mochammad Rafli Ramadhani", "gender": "P", "nis": "181113841", "nisn": "0028086260", "tanggal_lahir": "2002-08-05", "kelas": 1}}, {"model": "User.siswa", "pk": 31, "fields": {"user": 34, "nama": "Muhammad Jehan Ramadhan", "gender": "P", "nis": "181113842", "nisn": "0026280346", "tanggal_lahir": "2002-09-08", "kelas": 1}}, {"model": "User.siswa", "pk": 32, "fields": {"user": 35, "nama": "Natasya Maharani", "gender": "W", "nis": "181113844", "nisn": "0031836753", "tanggal_lahir": "2003-07-26", "kelas": 1}}, {"model": "User.siswa", "pk": 33, "fields": {"user": 36, "nama": "Nike Nurul Nadilla", "gender": "W", "nis": "181113845", "nisn": "0023666947", "tanggal_lahir": "2002-04-06", "kelas": 1}}, {"model": "User.siswa", "pk": 34, "fields": {"user": 37, "nama": "Renaldi Najwan Fauzan", "gender": "P", "nis": "181113847", "nisn": "0031170543", "tanggal_lahir": "2003-04-05", "kelas": 1}}, {"model": "User.siswa", "pk": 35, "fields": {"user": 38, "nama": "Nisrina Fathya Hidayat", "gender": "W", "nis": "181113846", "nisn": "0030495685", "tanggal_lahir": "2003-10-16", "kelas": 1}}, {"model": "User.siswa", "pk": 36, "fields": {"user": 39, "nama": "Salsa Bila Finhar", "gender": "W", "nis": "181113848", "nisn": "0025139486", "tanggal_lahir": "2002-03-21", "kelas": 1}}, {"model": "User.siswa", "pk": 37, "fields": {"user": 40, "nama": "Salsabila Maharani Putri", "gender": "W", "nis": "181113849", "nisn": "0037914691", "tanggal_lahir": "2003-09-19", "kelas": 1}}, {"model": "User.siswa", "pk": 38, "fields": {"user": 41, "nama": "Sania Dewi", "gender": "W", "nis": "181113850", "nisn": "0028900755", "tanggal_lahir": "2002-08-25", "kelas": 1}}, {"model": "User.siswa", "pk": 39, "fields": {"user": 42, "nama": "Sayvela Lavendra", "gender": "P", "nis": "181113851", "nisn": "0023325211", "tanggal_lahir": "2002-10-31", "kelas": 1}}, {"model": "User.siswa", "pk": 40, "fields": {"user": 43, "nama": "Septian Yoga Dwi Permadi", "gender": "P", "nis": "181113853", "nisn": "0027114249", "tanggal_lahir": "2002-02-25", "kelas": 1}}, {"model": "User.siswa", "pk": 41, "fields": {"user": 44, "nama": "Wulan Sari", "gender": "W", "nis": "181113855", "nisn": "0027351620", "tanggal_lahir": "2002-06-21", "kelas": 1}}, {"model": "Kelas.jurusan", "pk": 1, "fields": {"nama": "Rekayasa Perangkat Lunak", "akronim": "RPL"}}, {"model": "Kelas.jurusan", "pk": 2, "fields": {"nama": "Sistem Informasi Dan Jaringan", "akronim": "SIJA"}}, {"model": "Kelas.jurusan", "pk": 3, "fields": {"nama": "Elektronika Industri", "akronim": "EIND"}}, {"model": "Kelas.jurusan", "pk": 4, "fields": {"nama": "Mekatronika", "akronim": "MEKA"}}, {"model": "Kelas.jurusan", "pk": 5, "fields": {"nama": "Teknik Pendingin dan Tata Udara", "akronim": "TPTU"}}, {"model": "Kelas.jurusan", "pk": 6, "fields": {"nama": "Instrumentasi dan Otomatisasi Proses", "akronim": "IOP"}}, {"model": "Kelas.jurusan", "pk": 7, "fields": {"nama": "Teknik Elektronika Daya dan Komunikasi", "akronim": "TEDK"}}, {"model": "Kelas.jurusan", "pk": 8, "fields": {"nama": "Produksi Film dan Program Televisi", "akronim": "PFPT"}}, {"model": "Kelas.jurusan", "pk": 9, "fields": {"nama": "Teknik Otomasi Industri", "akronim": "TOI"}}, {"model": "Kelas.kelas", "pk": 1, "fields": {"jurusan": 1, "tingkat": "12", "kelas": "A", "nama": "12 RPL A", "walikelas": 1, "matapelajaran": [1, 2, 3, 4, 5, 6, 7, 8, 9, 10, 11, 12]}}, {"model": "Nilai.matapelajaran", "pk": 1, "fields": {"nama": "Produk Kreatif Kewirausahaan NA", "kkm": 78}}, {"model": "Nilai.matapelajaran", "pk": 2, "fields": {"nama": "Pemrograman Web dan Perangkat Bergerak", "kkm": 78}}, {"model": "Nilai.matapelajaran", "pk": 3, "fields": {"nama": "Bahasa Indonesia", "kkm": 80}}, {"model": "Nilai.matapelajaran", "pk": 4, "fields": {"nama": "Pendidikan Kewarganegaraan", "kkm": 78}}, {"model": "Nilai.matapelajaran", "pk": 5, "fields": {"nama": "Bimbingan Konseling", "kkm": 78}}, {"model": "Nilai.matapelajaran", "pk": 6, "fields": {"nama": "Matematika", "kkm": 80}}, {"model": "Nilai.matapelajaran", "pk": 7, "fields": {"nama": "Pemrograman Berorientasi Objek", "kkm": 78}}, {"model": "Nilai.matapelajaran", "pk": 8, "fields": {"nama": "Bahasa Inggris", "kkm": 80}}, {"model": "Nilai.matapelajaran", "pk": 9, "fields": {"nama": "Basis Data", "kkm": 78}}, {"model": "Nilai.matapelajaran", "pk": 10, "fields": {"nama": "Pendidikan Agama dan Budi Pekerti", "kkm": 78}}, {"model": "Nilai.matapelajaran", "pk": 11, "fields": {"nama": "Bahasa Jepang", "kkm": 78}}, {"model": "Nilai.matapelajaran", "pk": 12, "fields": {"nama": "Produk Kreatif Kewirausahaan WS", "kkm": 78}}, {"model": "Nilai.matapelajaran", "pk": 13, "fields": {"nama": "Desain Grafis", "kkm": 80}}, {"model": "Nilai.nilaimatapelajaran", "pk": 1, "fields": {"pelajaran": 1, "siswa": 1, "nilai": 75}}, {"model": "Nilai.nilaimatapelajaran", "pk": 2, "fields": {"pelajaran": 11, "siswa": 1, "nilai": 85}}, {"model": "Nilai.nilaimatapelajaran", "pk": 4, "fields": {"pelajaran": 8, "siswa": 1, "nilai": 96}}, {"model": "Nilai.ekskul", "pk": 1, "fields": {"nama": "Forum Dienul Islam", "deskripsi": "Remaja masjid yahahaha", "jenis": "Keagamaan", "pembimbing": null}}, {"model": "Nilai.ekskul", "pk": 2, "fields": {"nama": "Orang Tak Berekskul", "deskripsi": "Ekskulnya orang tak berekskul? Hmmm paradox", "jenis": "Lain-Lain", "pembimbing": 1}}, {"model": "Nilai.nilaiekskul", "pk": 1, "fields": {"ekskul": 2, "siswa": 1, "nilai": "A+"}}]